{
  "model": "RandomForest",
  "r2": 0.9999944296986114,
  "mae": 0.11802836000069881
}